id,to,type,weight
Thesaurus.C103159,obo.OBI_0000011,SubClassOf,1.0
Thesaurus.C15709,obo.OGMS_0000056,SubClassOf,1.0
Thesaurus.C19482,obo.IAO_0000310,SubClassOf,1.0
Thesaurus.C25191,obo.IAO_0000300,SubClassOf,1.0
Thesaurus.C25678,obo.IAO_0000300,SubClassOf,1.0
Thesaurus.C38101,obo.OGMS_0000056,SubClassOf,1.0
Thesaurus.C45258,obo.IAO_0000310,SubClassOf,1.0
Thesaurus.C60776,obo.IAO_0000030,SubClassOf,1.0
Thesaurus.C70947,Thesaurus.C25678,SubClassOf,1.0
Thesaurus.C70958,Thesaurus.C25678,SubClassOf,1.0
Thesaurus.C81262,obo.IAO_0000028,SubClassOf,1.0
Thesaurus.C90492,obo.IAO_0000030,SubClassOf,1.0
Thesaurus.C94204,obo.OBI_0000245,SubClassOf,1.0
obo.BFO_0000002,obo.BFO_0000001,SubClassOf,1.0
obo.BFO_0000003,obo.BFO_0000001,SubClassOf,1.0
obo.BFO_0000004,obo.BFO_0000002,SubClassOf,1.0
obo.BFO_0000006,obo.BFO_0000141,SubClassOf,1.0
obo.BFO_0000008,obo.BFO_0000003,SubClassOf,1.0
obo.BFO_0000009,obo.BFO_0000006,SubClassOf,1.0
obo.BFO_0000011,obo.BFO_0000003,SubClassOf,1.0
obo.BFO_0000015,obo.BFO_0000003,SubClassOf,1.0
obo.BFO_0000016,obo.BFO_0000017,SubClassOf,1.0
obo.BFO_0000017,obo.BFO_0000020,SubClassOf,1.0
obo.BFO_0000018,obo.BFO_0000006,SubClassOf,1.0
obo.BFO_0000019,obo.BFO_0000020,SubClassOf,1.0
obo.BFO_0000020,obo.BFO_0000002,SubClassOf,1.0
obo.BFO_0000023,obo.BFO_0000017,SubClassOf,1.0
obo.BFO_0000024,obo.BFO_0000040,SubClassOf,1.0
obo.BFO_0000026,obo.BFO_0000006,SubClassOf,1.0
obo.BFO_0000027,obo.BFO_0000040,SubClassOf,1.0
obo.BFO_0000028,obo.BFO_0000006,SubClassOf,1.0
obo.BFO_0000029,obo.BFO_0000141,SubClassOf,1.0
obo.BFO_0000030,obo.BFO_0000040,SubClassOf,1.0
obo.BFO_0000031,obo.BFO_0000002,SubClassOf,1.0
obo.BFO_0000034,obo.BFO_0000016,SubClassOf,1.0
obo.BFO_0000035,obo.BFO_0000003,SubClassOf,1.0
obo.BFO_0000038,obo.BFO_0000008,SubClassOf,1.0
obo.BFO_0000040,obo.BFO_0000004,SubClassOf,1.0
obo.BFO_0000140,obo.BFO_0000141,SubClassOf,1.0
obo.BFO_0000141,obo.BFO_0000004,SubClassOf,1.0
obo.BFO_0000142,obo.BFO_0000140,SubClassOf,1.0
obo.BFO_0000144,obo.BFO_0000015,SubClassOf,1.0
obo.BFO_0000145,obo.BFO_0000019,SubClassOf,1.0
obo.BFO_0000146,obo.BFO_0000140,SubClassOf,1.0
obo.BFO_0000147,obo.BFO_0000140,SubClassOf,1.0
obo.BFO_0000148,obo.BFO_0000008,SubClassOf,1.0
obo.BFO_0000182,obo.BFO_0000015,SubClassOf,1.0
obo.CHEBI_16991,obo.CHEBI_33696,SubClassOf,1.0
obo.CHEBI_23367,obo.BFO_0000040,SubClassOf,1.0
obo.CHEBI_33696,obo.CHEBI_33839,SubClassOf,1.0
obo.CHEBI_33697,obo.CHEBI_33696,SubClassOf,1.0
obo.CHEBI_33839,obo.CHEBI_23367,SubClassOf,1.0
obo.CL_0000000,obo.BFO_0000040,SubClassOf,1.0
obo.CL_0000010,obo.CL_0000578,SubClassOf,1.0
obo.CL_0000578,obo.CL_0000000,SubClassOf,1.0
obo.IAO_0000003,obo.IAO_0000009,SubClassOf,1.0
obo.IAO_0000005,obo.IAO_0000033,SubClassOf,1.0
obo.IAO_0000007,obo.IAO_0000033,SubClassOf,1.0
obo.IAO_0000009,obo.IAO_0000030,SubClassOf,1.0
obo.IAO_0000027,obo.IAO_0000030,SubClassOf,1.0
obo.IAO_0000028,obo.IAO_0000030,SubClassOf,1.0
obo.IAO_0000030,obo.BFO_0000031,SubClassOf,1.0
obo.IAO_0000032,obo.IAO_0000109,SubClassOf,1.0
obo.IAO_0000033,obo.IAO_0000030,SubClassOf,1.0
obo.IAO_0000078,obo.IAO_0000102,SubClassOf,1.0
obo.IAO_0000102,obo.IAO_0000027,SubClassOf,1.0
obo.IAO_0000104,obo.IAO_0000033,SubClassOf,1.0
obo.IAO_0000109,obo.IAO_0000027,SubClassOf,1.0
obo.IAO_0000300,obo.IAO_0000030,SubClassOf,1.0
obo.IAO_0000310,obo.IAO_0000030,SubClassOf,1.0
obo.IAO_0000314,obo.IAO_0000030,SubClassOf,1.0
obo.IAO_0000416,obo.IAO_0000032,SubClassOf,1.0
obo.IAO_0000572,obo.OBI_0000011,SubClassOf,1.0
obo.IAO_0020022,obo.IAO_0000030,SubClassOf,1.0
obo.IAO_0020023,obo.BFO_0000015,SubClassOf,1.0
obo.IAO_0020024,obo.BFO_0000023,SubClassOf,1.0
obo.IAO_0021002,obo.IAO_0021003,SubClassOf,1.0
obo.IAO_0021003,obo.OBI_0000011,SubClassOf,1.0
obo.IAO_0021004,obo.BFO_0000031,SubClassOf,1.0
obo.IAO_0021005,obo.IAO_0021003,SubClassOf,1.0
obo.IAO_0021006,obo.BFO_0000023,SubClassOf,1.0
obo.IAO_0021021,obo.BFO_0000023,SubClassOf,1.0
obo.IAO_0021022,obo.BFO_0000023,SubClassOf,1.0
obo.IAO_0021030,obo.BFO_0000040,SubClassOf,1.0
obo.IAO_0021031,obo.BFO_0000023,SubClassOf,1.0
obo.IAO_0021102,obo.IAO_0021002,SubClassOf,1.0
obo.IAO_0021300,obo.BFO_0000023,SubClassOf,1.0
obo.ICO_0000001,obo.IAO_0000310,SubClassOf,1.0
obo.ICO_0000002,obo.OBI_0000011,SubClassOf,1.0
obo.ICO_0000003,obo.OBI_0000011,SubClassOf,1.0
obo.ICO_0000004,obo.OBI_0000011,SubClassOf,1.0
obo.ICO_0000005,obo.IAO_0021002,SubClassOf,1.0
obo.ICO_0000006,obo.OBI_0000245,SubClassOf,1.0
obo.ICO_0000007,obo.IAO_0000314,SubClassOf,1.0
obo.ICO_0000008,obo.ICO_0000007,SubClassOf,1.0
obo.ICO_0000009,obo.ICO_0000007,SubClassOf,1.0
obo.ICO_0000010,obo.ICO_0000007,SubClassOf,1.0
obo.ICO_0000011,obo.ICO_0000007,SubClassOf,1.0
obo.ICO_0000012,obo.ICO_0000007,SubClassOf,1.0
obo.ICO_0000013,obo.ICO_0000001,SubClassOf,1.0
obo.ICO_0000014,obo.ICO_0000013,SubClassOf,1.0
obo.ICO_0000015,obo.ICO_0000001,SubClassOf,1.0
obo.ICO_0000016,obo.ICO_0000007,SubClassOf,1.0
obo.ICO_0000017,obo.ICO_0000015,SubClassOf,1.0
obo.ICO_0000018,obo.ICO_0000015,SubClassOf,1.0
obo.ICO_0000019,obo.ICO_0000007,SubClassOf,1.0
obo.ICO_0000020,obo.ICO_0000019,SubClassOf,1.0
obo.ICO_0000021,obo.ICO_0000019,SubClassOf,1.0
obo.ICO_0000022,obo.ICO_0000007,SubClassOf,1.0
obo.ICO_0000023,obo.ICO_0000001,SubClassOf,1.0
obo.ICO_0000024,obo.ICO_0000001,SubClassOf,1.0
obo.ICO_0000025,obo.ICO_0000022,SubClassOf,1.0
obo.ICO_0000026,obo.ICO_0000022,SubClassOf,1.0
obo.ICO_0000027,obo.ICO_0000022,SubClassOf,1.0
obo.ICO_0000028,obo.ICO_0000007,SubClassOf,1.0
obo.ICO_0000029,obo.ICO_0000001,SubClassOf,1.0
obo.ICO_0000030,obo.ICO_0000001,SubClassOf,1.0
obo.ICO_0000031,obo.ICO_0000001,SubClassOf,1.0
obo.ICO_0000032,obo.ICO_0000085,SubClassOf,1.0
obo.ICO_0000033,obo.ICO_0000031,SubClassOf,1.0
obo.ICO_0000034,obo.ICO_0000029,SubClassOf,1.0
obo.ICO_0000035,obo.IAO_0000030,SubClassOf,1.0
obo.ICO_0000036,obo.IAO_0000416,SubClassOf,1.0
obo.ICO_0000037,obo.ICO_0000035,SubClassOf,1.0
obo.ICO_0000038,obo.ICO_0000035,SubClassOf,1.0
obo.ICO_0000039,obo.ICO_0000035,SubClassOf,1.0
obo.ICO_0000040,obo.ICO_0000073,SubClassOf,1.0
obo.ICO_0000041,obo.IAO_0000033,SubClassOf,1.0
obo.ICO_0000042,obo.ICO_0000041,SubClassOf,1.0
obo.ICO_0000043,obo.ICO_0000041,SubClassOf,1.0
obo.ICO_0000044,obo.IAO_0000027,SubClassOf,1.0
obo.ICO_0000045,obo.NCBITaxon_9606,SubClassOf,1.0
obo.ICO_0000046,obo.OBI_0000011,SubClassOf,1.0
obo.ICO_0000047,obo.OBI_0000181,SubClassOf,1.0
obo.ICO_0000048,obo.OBI_0000245,SubClassOf,1.0
obo.ICO_0000049,obo.OBI_0000245,SubClassOf,1.0
obo.ICO_0000050,obo.OBI_0000066,SubClassOf,1.0
obo.ICO_0000051,obo.OBI_0000066,SubClassOf,1.0
obo.ICO_0000052,obo.ICO_0000051,SubClassOf,1.0
obo.ICO_0000053,obo.OBI_0000066,SubClassOf,1.0
obo.ICO_0000054,obo.OBI_0000066,SubClassOf,1.0
obo.ICO_0000055,obo.OBI_0000066,SubClassOf,1.0
obo.ICO_0000056,obo.OBI_0000066,SubClassOf,1.0
obo.ICO_0000057,obo.OBI_0000066,SubClassOf,1.0
obo.ICO_0000058,obo.BFO_0000038,SubClassOf,1.0
obo.ICO_0000059,obo.ICO_0000041,SubClassOf,1.0
obo.ICO_0000060,obo.OBI_0000011,SubClassOf,1.0
obo.ICO_0000061,obo.ICO_0000001,SubClassOf,1.0
obo.ICO_0000062,obo.ICO_0000073,SubClassOf,1.0
obo.ICO_0000063,obo.ICO_0000001,SubClassOf,1.0
obo.ICO_0000064,obo.OBI_0000066,SubClassOf,1.0
obo.ICO_0000065,obo.ICO_0000064,SubClassOf,1.0
obo.ICO_0000066,obo.OBI_0001622,SubClassOf,1.0
obo.ICO_0000068,obo.ICO_0000041,SubClassOf,1.0
obo.ICO_0000069,obo.ICO_0000072,SubClassOf,1.0
obo.ICO_0000070,obo.ICO_0000072,SubClassOf,1.0
obo.ICO_0000071,obo.ICO_0000072,SubClassOf,1.0
obo.ICO_0000072,obo.NCBITaxon_9606,SubClassOf,1.0
obo.ICO_0000073,obo.NCBITaxon_9606,SubClassOf,1.0
obo.ICO_0000074,obo.ICO_0000046,SubClassOf,1.0
obo.ICO_0000075,obo.IAO_0000310,SubClassOf,1.0
obo.ICO_0000076,obo.ICO_0000074,SubClassOf,1.0
obo.ICO_0000077,obo.BFO_0000016,SubClassOf,1.0
obo.ICO_0000078,obo.BFO_0000016,SubClassOf,1.0
obo.ICO_0000079,obo.ICO_0000006,SubClassOf,1.0
obo.ICO_0000080,obo.NCBITaxon_9606,SubClassOf,1.0
obo.ICO_0000081,obo.BFO_0000023,SubClassOf,1.0
obo.ICO_0000082,obo.NCBITaxon_9606,SubClassOf,1.0
obo.ICO_0000083,obo.ICO_0000103,SubClassOf,1.0
obo.ICO_0000084,obo.OBI_0000810,SubClassOf,1.0
obo.ICO_0000085,obo.ICO_0000001,SubClassOf,1.0
obo.ICO_0000086,obo.BFO_0000023,SubClassOf,1.0
obo.ICO_0000087,obo.IAO_0000416,SubClassOf,1.0
obo.ICO_0000088,obo.BFO_0000038,SubClassOf,1.0
obo.ICO_0000089,obo.ICO_0000088,SubClassOf,1.0
obo.ICO_0000090,obo.IAO_0000310,SubClassOf,1.0
obo.ICO_0000094,obo.OBI_0000011,SubClassOf,1.0
obo.ICO_0000095,obo.ICO_0000078,SubClassOf,1.0
obo.ICO_0000096,Thesaurus.C45258,SubClassOf,1.0
obo.ICO_0000097,Thesaurus.C45258,SubClassOf,1.0
obo.ICO_0000098,obo.ICO_0000154,SubClassOf,1.0
obo.ICO_0000099,obo.ICO_0000013,SubClassOf,1.0
obo.ICO_0000100,obo.OGMS_0000060,SubClassOf,1.0
obo.ICO_0000101,Thesaurus.C90492,SubClassOf,1.0
obo.ICO_0000102,obo.OBI_0000011,SubClassOf,1.0
obo.ICO_0000103,obo.ICO_0000101,SubClassOf,1.0
obo.ICO_0000104,obo.ICO_0000001,SubClassOf,1.0
obo.ICO_0000105,obo.ICO_0000154,SubClassOf,1.0
obo.ICO_0000106,Thesaurus.C25191,SubClassOf,1.0
obo.ICO_0000107,obo.OBI_0000011,SubClassOf,1.0
obo.ICO_0000108,obo.OBI_0000011,SubClassOf,1.0
obo.ICO_0000109,obo.OBI_0000011,SubClassOf,1.0
obo.ICO_0000110,obo.OGMS_0000090,SubClassOf,1.0
obo.ICO_0000111,obo.IAO_0000028,SubClassOf,1.0
obo.ICO_0000112,obo.OBI_0000011,SubClassOf,1.0
obo.ICO_0000113,obo.IAO_0000027,SubClassOf,1.0
obo.ICO_0000114,obo.ICO_0000113,SubClassOf,1.0
obo.ICO_0000115,obo.OBI_0000953,SubClassOf,1.0
obo.ICO_0000116,obo.OBI_0000011,SubClassOf,1.0
obo.ICO_0000117,obo.ICO_0000154,SubClassOf,1.0
obo.ICO_0000118,obo.BFO_0000029,SubClassOf,1.0
obo.ICO_0000119,obo.IAO_0000416,SubClassOf,1.0
obo.ICO_0000120,obo.OBI_0000011,SubClassOf,1.0
obo.ICO_0000121,obo.ICO_0000154,SubClassOf,1.0
obo.ICO_0000122,obo.IAO_0000033,SubClassOf,1.0
obo.ICO_0000123,obo.ICO_0000120,SubClassOf,1.0
obo.ICO_0000124,obo.ICO_0000120,SubClassOf,1.0
obo.ICO_0000125,obo.ICO_0000120,SubClassOf,1.0
obo.ICO_0000126,obo.BFO_0000038,SubClassOf,1.0
obo.ICO_0000127,obo.ICO_0000088,SubClassOf,1.0
obo.ICO_0000128,obo.ICO_0000154,SubClassOf,1.0
obo.ICO_0000129,obo.ICO_0000013,SubClassOf,1.0
obo.ICO_0000131,obo.ICO_0000111,SubClassOf,1.0
obo.ICO_0000133,obo.ICO_0000154,SubClassOf,1.0
obo.ICO_0000134,obo.ICO_0000154,SubClassOf,1.0
obo.ICO_0000135,obo.ICO_0000154,SubClassOf,1.0
obo.ICO_0000136,obo.OBI_0000011,SubClassOf,1.0
obo.ICO_0000137,obo.OBI_0000011,SubClassOf,1.0
obo.ICO_0000138,obo.ICO_0000001,SubClassOf,1.0
obo.ICO_0000139,obo.ICO_0000138,SubClassOf,1.0
obo.ICO_0000140,obo.OBI_0001000,SubClassOf,1.0
obo.ICO_0000141,obo.IAO_0000300,SubClassOf,1.0
obo.ICO_0000142,obo.OBI_0000011,SubClassOf,1.0
obo.ICO_0000143,obo.ICO_0000155,SubClassOf,1.0
obo.ICO_0000144,obo.BFO_0000023,SubClassOf,1.0
obo.ICO_0000145,obo.ICO_0000155,SubClassOf,1.0
obo.ICO_0000146,obo.BFO_0000023,SubClassOf,1.0
obo.ICO_0000147,obo.ICO_0000146,SubClassOf,1.0
obo.ICO_0000148,obo.ICO_0000146,SubClassOf,1.0
obo.ICO_0000149,obo.ICO_0000155,SubClassOf,1.0
obo.ICO_0000150,obo.OBI_0000011,SubClassOf,1.0
obo.ICO_0000151,obo.BFO_0000023,SubClassOf,1.0
obo.ICO_0000152,obo.NCBITaxon_9606,SubClassOf,1.0
obo.ICO_0000153,obo.ICO_0000149,SubClassOf,1.0
obo.ICO_0000154,obo.OBI_0000011,SubClassOf,1.0
obo.ICO_0000155,obo.OBI_0000011,SubClassOf,1.0
obo.ICO_0000156,obo.ICO_0000155,SubClassOf,1.0
obo.ICO_0000157,obo.ICO_0000155,SubClassOf,1.0
obo.ICO_0000158,obo.OBI_0000011,SubClassOf,1.0
obo.ICO_0000159,obo.ICO_0000155,SubClassOf,1.0
obo.ICO_0000160,obo.ICO_0000155,SubClassOf,1.0
obo.ICO_0000161,obo.ICO_0000155,SubClassOf,1.0
obo.ICO_0000162,obo.ICO_0000161,SubClassOf,1.0
obo.ICO_0000163,obo.ICO_0000161,SubClassOf,1.0
obo.ICO_0000164,obo.ICO_0000108,SubClassOf,1.0
obo.ICO_0000165,obo.ICO_0000108,SubClassOf,1.0
obo.ICO_0000166,obo.BFO_0000023,SubClassOf,1.0
obo.ICO_0000167,obo.ICO_0000176,SubClassOf,1.0
obo.ICO_0000168,obo.IAO_0021005,SubClassOf,1.0
obo.ICO_0000169,obo.BFO_0000023,SubClassOf,1.0
obo.ICO_0000170,obo.OBI_0001000,SubClassOf,1.0
obo.ICO_0000171,obo.IAO_0000300,SubClassOf,1.0
obo.ICO_0000172,obo.ICO_0000171,SubClassOf,1.0
obo.ICO_0000173,obo.ICO_0000171,SubClassOf,1.0
obo.ICO_0000174,obo.OBI_0000011,SubClassOf,1.0
obo.ICO_0000175,obo.OBI_0000011,SubClassOf,1.0
obo.ICO_0000176,obo.ICO_0000166,SubClassOf,1.0
obo.ICO_0000177,obo.ICO_0000155,SubClassOf,1.0
obo.ICO_0000178,obo.ICO_0000155,SubClassOf,1.0
obo.ICO_0000179,obo.ICO_0000155,SubClassOf,1.0
obo.ICO_0000180,obo.ICO_0000179,SubClassOf,1.0
obo.ICO_0000181,obo.ICO_0000155,SubClassOf,1.0
obo.ICO_0000182,obo.ICO_0000181,SubClassOf,1.0
obo.NCBITaxon_10239,obo.OBI_0100026,SubClassOf,1.0
obo.NCBITaxon_117571,obo.NCBITaxon_7742,SubClassOf,1.0
obo.NCBITaxon_2,obo.OBI_0100026,SubClassOf,1.0
obo.NCBITaxon_2157,obo.OBI_0100026,SubClassOf,1.0
obo.NCBITaxon_2759,obo.OBI_0100026,SubClassOf,1.0
obo.NCBITaxon_314146,obo.NCBITaxon_40674,SubClassOf,1.0
obo.NCBITaxon_32523,obo.NCBITaxon_117571,SubClassOf,1.0
obo.NCBITaxon_32524,obo.NCBITaxon_32523,SubClassOf,1.0
obo.NCBITaxon_33154,obo.NCBITaxon_2759,SubClassOf,1.0
obo.NCBITaxon_33213,obo.NCBITaxon_33154,SubClassOf,1.0
obo.NCBITaxon_40674,obo.NCBITaxon_32524,SubClassOf,1.0
obo.NCBITaxon_7742,obo.NCBITaxon_33213,SubClassOf,1.0
obo.NCBITaxon_9606,obo.NCBITaxon_314146,SubClassOf,1.0
obo.OAE_0000001,obo.OGMS_0000060,SubClassOf,1.0
obo.OBI_0000011,obo.BFO_0000015,SubClassOf,1.0
obo.OBI_0000047,obo.BFO_0000040,SubClassOf,1.0
obo.OBI_0000066,obo.OBI_0000011,SubClassOf,1.0
obo.OBI_0000079,obo.OBI_0000047,SubClassOf,1.0
obo.OBI_0000086,obo.BFO_0000023,SubClassOf,1.0
obo.OBI_0000094,obo.OBI_0000011,SubClassOf,1.0
obo.OBI_0000097,obo.BFO_0000023,SubClassOf,1.0
obo.OBI_0000112,obo.BFO_0000023,SubClassOf,1.0
obo.OBI_0000151,obo.OBI_0000932,SubClassOf,1.0
obo.OBI_0000181,obo.BFO_0000040,SubClassOf,1.0
obo.OBI_0000202,obo.BFO_0000023,SubClassOf,1.0
obo.OBI_0000245,obo.BFO_0000040,SubClassOf,1.0
obo.OBI_0000257,obo.OBI_0666667,SubClassOf,1.0
obo.OBI_0000272,obo.IAO_0000104,SubClassOf,1.0
obo.OBI_0000274,obo.OBI_0000652,SubClassOf,1.0
obo.OBI_0000319,obo.BFO_0000023,SubClassOf,1.0
obo.OBI_0000338,obo.OBI_0000011,SubClassOf,1.0
obo.OBI_0000339,obo.BFO_0000015,SubClassOf,1.0
obo.OBI_0000341,obo.OBI_0000094,SubClassOf,1.0
obo.OBI_0000370,obo.BFO_0000034,SubClassOf,1.0
obo.OBI_0000372,obo.BFO_0000034,SubClassOf,1.0
obo.OBI_0000378,obo.OBI_0000372,SubClassOf,1.0
obo.OBI_0000379,obo.BFO_0000034,SubClassOf,1.0
obo.OBI_0000423,obo.OBI_0000047,SubClassOf,1.0
obo.OBI_0000434,obo.OBI_0000686,SubClassOf,1.0
obo.OBI_0000444,obo.BFO_0000023,SubClassOf,1.0
obo.OBI_0000453,obo.BFO_0000034,SubClassOf,1.0
obo.OBI_0000456,obo.IAO_0000005,SubClassOf,1.0
obo.OBI_0000471,obo.OBI_0000011,SubClassOf,1.0
obo.OBI_0000639,obo.OBI_0000456,SubClassOf,1.0
obo.OBI_0000651,obo.OBI_0001479,SubClassOf,1.0
obo.OBI_0000652,obo.OBI_0000094,SubClassOf,1.0
obo.OBI_0000655,obo.OBI_0001479,SubClassOf,1.0
obo.OBI_0000659,obo.OBI_0000011,SubClassOf,1.0
obo.OBI_0000671,obo.OBI_0000747,SubClassOf,1.0
obo.OBI_0000678,obo.OBI_0000639,SubClassOf,1.0
obo.OBI_0000680,obo.OBI_0100051,SubClassOf,1.0
obo.OBI_0000681,obo.OBI_0000639,SubClassOf,1.0
obo.OBI_0000684,obo.IAO_0000005,SubClassOf,1.0
obo.OBI_0000686,obo.OBI_0000456,SubClassOf,1.0
obo.OBI_0000740,obo.OBI_0000112,SubClassOf,1.0
obo.OBI_0000747,obo.OBI_0100051,SubClassOf,1.0
obo.OBI_0000806,obo.IAO_0000005,SubClassOf,1.0
obo.OBI_0000810,obo.OBI_0000011,SubClassOf,1.0
obo.OBI_0000832,obo.OBI_0000968,SubClassOf,1.0
obo.OBI_0000834,obo.OBI_0001051,SubClassOf,1.0
obo.OBI_0000838,obo.OBI_0000011,SubClassOf,1.0
obo.OBI_0000848,obo.OBI_0666666,SubClassOf,1.0
obo.OBI_0000849,obo.OBI_0666666,SubClassOf,1.0
obo.OBI_0000855,obo.OBI_0666666,SubClassOf,1.0
obo.OBI_0000859,obo.OBI_0666666,SubClassOf,1.0
obo.OBI_0000862,obo.OBI_0000880,SubClassOf,1.0
obo.OBI_0000869,obo.OBI_0000880,SubClassOf,1.0
obo.OBI_0000873,obo.OBI_0001506,SubClassOf,1.0
obo.OBI_0000876,obo.OBI_0000880,SubClassOf,1.0
obo.OBI_0000880,obo.OBI_0001010,SubClassOf,1.0
obo.OBI_0000888,obo.OBI_0666666,SubClassOf,1.0
obo.OBI_0000895,obo.OBI_0000880,SubClassOf,1.0
obo.OBI_0000899,obo.OBI_0000880,SubClassOf,1.0
obo.OBI_0000902,obo.OBI_0001506,SubClassOf,1.0
obo.OBI_0000908,obo.OBI_0001143,SubClassOf,1.0
obo.OBI_0000909,obo.OBI_0100051,SubClassOf,1.0
obo.OBI_0000914,obo.OBI_0100051,SubClassOf,1.0
obo.OBI_0000915,obo.OBI_0302893,SubClassOf,1.0
obo.OBI_0000917,obo.OBI_0100051,SubClassOf,1.0
obo.OBI_0000921,obo.OBI_0001143,SubClassOf,1.0
obo.OBI_0000922,obo.OBI_0001472,SubClassOf,1.0
obo.OBI_0000924,obo.OBI_0000953,SubClassOf,1.0
obo.OBI_0000927,obo.OBI_0302893,SubClassOf,1.0
obo.OBI_0000932,obo.OBI_0000968,SubClassOf,1.0
obo.OBI_0000950,obo.OBI_0001472,SubClassOf,1.0
obo.OBI_0000953,obo.OBI_0000047,SubClassOf,1.0
obo.OBI_0000965,obo.OBI_0001472,SubClassOf,1.0
obo.OBI_0000968,obo.OBI_0000047,SubClassOf,1.0
obo.OBI_0000971,obo.OBI_0001472,SubClassOf,1.0
obo.OBI_0000977,obo.OBI_0302893,SubClassOf,1.0
obo.OBI_0000981,obo.OBI_0001472,SubClassOf,1.0
obo.OBI_0001000,obo.IAO_0000310,SubClassOf,1.0
obo.OBI_0001003,obo.OBI_0302893,SubClassOf,1.0
obo.OBI_0001010,obo.OBI_0000423,SubClassOf,1.0
obo.OBI_0001051,obo.OBI_0001010,SubClassOf,1.0
obo.OBI_0001143,obo.OBI_0000924,SubClassOf,1.0
obo.OBI_0001468,obo.OBI_0100051,SubClassOf,1.0
obo.OBI_0001472,obo.OBI_0100051,SubClassOf,1.0
obo.OBI_0001479,obo.OBI_0100051,SubClassOf,1.0
obo.OBI_0001506,obo.OBI_0100051,SubClassOf,1.0
obo.OBI_0001622,obo.IAO_0000300,SubClassOf,1.0
obo.OBI_0001909,obo.IAO_0000030,SubClassOf,1.0
obo.OBI_0001912,obo.OBI_0000047,SubClassOf,1.0
obo.OBI_0001931,obo.OBI_0001933,SubClassOf,1.0
obo.OBI_0001933,obo.IAO_0000030,SubClassOf,1.0
obo.OBI_0001936,obo.OBI_0000047,SubClassOf,1.0
obo.OBI_0002123,obo.OBI_0302887,SubClassOf,1.0
obo.OBI_0002124,obo.OBI_0302887,SubClassOf,1.0
obo.OBI_0002125,obo.OMIABIS_0000052,SubClassOf,1.0
obo.OBI_0002126,obo.OMIABIS_0000052,SubClassOf,1.0
obo.OBI_0002127,obo.OBI_0001468,SubClassOf,1.0
obo.OBI_0002500,obo.OBI_0001479,SubClassOf,1.0
obo.OBI_0002501,obo.OBI_0001479,SubClassOf,1.0
obo.OBI_0002502,obo.OBI_0001479,SubClassOf,1.0
obo.OBI_0002503,obo.OBI_0001479,SubClassOf,1.0
obo.OBI_0002504,obo.OBI_0001479,SubClassOf,1.0
obo.OBI_0002505,obo.OBI_0001479,SubClassOf,1.0
obo.OBI_0002506,obo.OBI_0001479,SubClassOf,1.0
obo.OBI_0002507,obo.OBI_0001479,SubClassOf,1.0
obo.OBI_0002508,obo.OBI_0001479,SubClassOf,1.0
obo.OBI_0002509,obo.OBI_0001479,SubClassOf,1.0
obo.OBI_0002510,obo.OBI_0001479,SubClassOf,1.0
obo.OBI_0002511,obo.OBI_0001479,SubClassOf,1.0
obo.OBI_0002512,obo.OBI_0001479,SubClassOf,1.0
obo.OBI_0002513,obo.OBI_0001479,SubClassOf,1.0
obo.OBI_0002514,obo.OBI_0001479,SubClassOf,1.0
obo.OBI_0002515,obo.OBI_0001479,SubClassOf,1.0
obo.OBI_0002516,obo.OBI_0001479,SubClassOf,1.0
obo.OBI_0002517,obo.OBI_0001479,SubClassOf,1.0
obo.OBI_0002518,obo.OBI_0001479,SubClassOf,1.0
obo.OBI_0002519,obo.OBI_0001479,SubClassOf,1.0
obo.OBI_0002520,obo.OBI_0001479,SubClassOf,1.0
obo.OBI_0002521,obo.OBI_0001479,SubClassOf,1.0
obo.OBI_0002522,obo.OBI_0001479,SubClassOf,1.0
obo.OBI_0002523,obo.OBI_0001479,SubClassOf,1.0
obo.OBI_0002524,obo.OBI_0001479,SubClassOf,1.0
obo.OBI_0002525,obo.OBI_0001479,SubClassOf,1.0
obo.OBI_0002526,obo.OBI_0001479,SubClassOf,1.0
obo.OBI_0002527,obo.OBI_0001479,SubClassOf,1.0
obo.OBI_0002528,obo.OBI_0001479,SubClassOf,1.0
obo.OBI_0002529,obo.OBI_0001479,SubClassOf,1.0
obo.OBI_0002530,obo.OBI_0001479,SubClassOf,1.0
obo.OBI_0002531,obo.OBI_0001479,SubClassOf,1.0
obo.OBI_0002532,obo.OBI_0001479,SubClassOf,1.0
obo.OBI_0002533,obo.OBI_0001479,SubClassOf,1.0
obo.OBI_0002534,obo.OBI_0001479,SubClassOf,1.0
obo.OBI_0002535,obo.OBI_0001479,SubClassOf,1.0
obo.OBI_0002536,obo.OBI_0001479,SubClassOf,1.0
obo.OBI_0002537,obo.OBI_0001479,SubClassOf,1.0
obo.OBI_0002538,obo.OBI_0001479,SubClassOf,1.0
obo.OBI_0002539,obo.OBI_0001479,SubClassOf,1.0
obo.OBI_0002540,obo.OBI_0001479,SubClassOf,1.0
obo.OBI_0002541,obo.OBI_0001479,SubClassOf,1.0
obo.OBI_0002542,obo.OBI_0001479,SubClassOf,1.0
obo.OBI_0100016,obo.OBI_0000953,SubClassOf,1.0
obo.OBI_0100017,obo.OBI_0000953,SubClassOf,1.0
obo.OBI_0100026,obo.BFO_0000040,SubClassOf,1.0
obo.OBI_0100051,obo.BFO_0000040,SubClassOf,1.0
obo.OBI_0100060,obo.OBI_0000047,SubClassOf,1.0
obo.OBI_0100066,obo.OBI_0000047,SubClassOf,1.0
obo.OBI_0100067,obo.OBI_0100051,SubClassOf,1.0
obo.OBI_0302716,obo.OBI_0000953,SubClassOf,1.0
obo.OBI_0302884,obo.OBI_0600014,SubClassOf,1.0
obo.OBI_0302885,obo.OBI_0600014,SubClassOf,1.0
obo.OBI_0302886,obo.OBI_0600014,SubClassOf,1.0
obo.OBI_0302887,obo.OBI_0000094,SubClassOf,1.0
obo.OBI_0302893,obo.OBI_0000838,SubClassOf,1.0
obo.OBI_0400106,obo.OBI_0000832,SubClassOf,1.0
obo.OBI_0400168,obo.OBI_0000932,SubClassOf,1.0
obo.OBI_0500000,obo.IAO_0000104,SubClassOf,1.0
obo.OBI_0500026,obo.IAO_0000033,SubClassOf,1.0
obo.OBI_0500027,obo.OBI_0500026,SubClassOf,1.0
obo.OBI_0500028,obo.OBI_0500026,SubClassOf,1.0
obo.OBI_0600005,obo.OBI_0000659,SubClassOf,1.0
obo.OBI_0600014,obo.OBI_0000094,SubClassOf,1.0
obo.OBI_0600024,obo.OBI_0000838,SubClassOf,1.0
obo.OBI_0600036,obo.OBI_0000094,SubClassOf,1.0
obo.OBI_0600038,obo.OBI_0000094,SubClassOf,1.0
obo.OBI_0600044,obo.OBI_0600005,SubClassOf,1.0
obo.OBI_0600052,obo.OBI_0600014,SubClassOf,1.0
obo.OBI_0666666,obo.OBI_0666667,SubClassOf,1.0
obo.OBI_0666667,obo.OBI_0302884,SubClassOf,1.0
obo.OBI_1000049,obo.OBI_0000680,SubClassOf,1.0
obo.OBI_1110041,obo.OBI_0000953,SubClassOf,1.0
obo.OBI_1110046,obo.OBI_0600014,SubClassOf,1.0
obo.OBI_1110109,obo.BFO_0000040,SubClassOf,1.0
obo.OBI_1110116,obo.OBI_0000953,SubClassOf,1.0
obo.OGMS_0000014,obo.IAO_0000027,SubClassOf,1.0
obo.OGMS_0000018,obo.OGMS_0000014,SubClassOf,1.0
obo.OGMS_0000056,obo.OBI_0000011,SubClassOf,1.0
obo.OGMS_0000060,obo.BFO_0000015,SubClassOf,1.0
obo.OGMS_0000090,obo.OBI_0000011,SubClassOf,1.0
obo.OMIABIS_0000050,obo.OBI_0000953,SubClassOf,1.0
obo.OMIABIS_0000052,obo.OMIABIS_0000050,SubClassOf,1.0
obo.OMRSE_00000022,obo.BFO_0000040,SubClassOf,1.0
obo.OMRSE_00000023,obo.OMRSE_00000022,SubClassOf,1.0
obo.OMRSE_00000033,obo.BFO_0000040,SubClassOf,1.0
obo.PATO_0001237,obo.BFO_0000019,SubClassOf,1.0
obo.PATO_0001421,obo.PATO_0001237,SubClassOf,1.0
obo.PATO_0001422,obo.PATO_0001237,SubClassOf,1.0
obo.PATO_0001985,obo.PATO_0001237,SubClassOf,1.0
obo.REO_0000171,obo.BFO_0000023,SubClassOf,1.0
obo.REO_0000280,obo.CHEBI_23367,SubClassOf,1.0
obo.UBERON_0000007,obo.UBERON_0000465,SubClassOf,1.0
obo.UBERON_0000029,obo.UBERON_0000465,SubClassOf,1.0
obo.UBERON_0000173,obo.UBERON_0000463,SubClassOf,1.0
obo.UBERON_0000178,obo.UBERON_0000463,SubClassOf,1.0
obo.UBERON_0000310,obo.UBERON_0000465,SubClassOf,1.0
obo.UBERON_0000362,obo.UBERON_0000481,SubClassOf,1.0
obo.UBERON_0000463,obo.UBERON_0000465,SubClassOf,1.0
obo.UBERON_0000465,obo.BFO_0000040,SubClassOf,1.0
obo.UBERON_0000477,obo.BFO_0000040,SubClassOf,1.0
obo.UBERON_0000479,obo.UBERON_0000465,SubClassOf,1.0
obo.UBERON_0000481,obo.UBERON_0000465,SubClassOf,1.0
obo.UBERON_0000945,obo.UBERON_0000465,SubClassOf,1.0
obo.UBERON_0000947,obo.UBERON_0000465,SubClassOf,1.0
obo.UBERON_0000948,obo.UBERON_0000465,SubClassOf,1.0
obo.UBERON_0000955,obo.UBERON_0000465,SubClassOf,1.0
obo.UBERON_0000956,obo.UBERON_0000477,SubClassOf,1.0
obo.UBERON_0001013,obo.UBERON_0000479,SubClassOf,1.0
obo.UBERON_0001037,obo.UBERON_0000465,SubClassOf,1.0
obo.UBERON_0001087,obo.UBERON_0000463,SubClassOf,1.0
obo.UBERON_0001088,obo.UBERON_0000463,SubClassOf,1.0
obo.UBERON_0001089,obo.UBERON_0000463,SubClassOf,1.0
obo.UBERON_0001090,obo.UBERON_0000463,SubClassOf,1.0
obo.UBERON_0001134,obo.UBERON_0000479,SubClassOf,1.0
obo.UBERON_0001155,obo.UBERON_0000465,SubClassOf,1.0
obo.UBERON_0001225,obo.UBERON_0000465,SubClassOf,1.0
obo.UBERON_0001255,obo.UBERON_0000465,SubClassOf,1.0
obo.UBERON_0001264,obo.UBERON_0000465,SubClassOf,1.0
obo.UBERON_0001268,obo.UBERON_0000463,SubClassOf,1.0
obo.UBERON_0001323,obo.UBERON_0000477,SubClassOf,1.0
obo.UBERON_0001359,obo.UBERON_0000463,SubClassOf,1.0
obo.UBERON_0001621,obo.UBERON_0000465,SubClassOf,1.0
obo.UBERON_0001797,obo.UBERON_0000463,SubClassOf,1.0
obo.UBERON_0001836,obo.UBERON_0000463,SubClassOf,1.0
obo.UBERON_0001913,obo.UBERON_0000463,SubClassOf,1.0
obo.UBERON_0001970,obo.UBERON_0000463,SubClassOf,1.0
obo.UBERON_0001987,obo.UBERON_0000465,SubClassOf,1.0
obo.UBERON_0001988,obo.UBERON_0000463,SubClassOf,1.0
obo.UBERON_0002037,obo.UBERON_0000481,SubClassOf,1.0
obo.UBERON_0002046,obo.UBERON_0000465,SubClassOf,1.0
obo.UBERON_0002048,obo.UBERON_0000465,SubClassOf,1.0
obo.UBERON_0002097,obo.UBERON_0000465,SubClassOf,1.0
obo.UBERON_0002106,obo.UBERON_0000465,SubClassOf,1.0
obo.UBERON_0002367,obo.UBERON_0000465,SubClassOf,1.0
obo.UBERON_0002369,obo.UBERON_0000465,SubClassOf,1.0
obo.UBERON_0002371,obo.UBERON_0000479,SubClassOf,1.0
obo.UBERON_0002409,obo.UBERON_0000463,SubClassOf,1.0
obo.UBERON_0002469,obo.UBERON_0000465,SubClassOf,1.0
obo.UBERON_0004648,obo.UBERON_0000479,SubClassOf,1.0
obo.UBERON_0006911,obo.UBERON_0000463,SubClassOf,1.0
obo.UBERON_0007311,obo.UBERON_0000463,SubClassOf,1.0
obo.UBERON_0007610,obo.UBERON_0000465,SubClassOf,1.0
obo.UO_0000003,obo.IAO_0000003,SubClassOf,1.0
